{"id-77454":{"title":"About 17","url":"https:\/\/websitedemos.net\/astra-blocks\/about-17\/","tag":[],"category":825,"primary-category":"","type":"block","page-builder":"gutenberg","required-plugins":[],"stylesheet":"","content":"\n<div class=\"wp-block-uagb-container uagb-block-8c4383c7 alignfull uagb-is-root-container\"><div class=\"uagb-container-inner-blocks-wrap\">\n<div class=\"wp-block-uagb-info-box uagb-block-1417ab23 uagb-infobox__content-wrap  uagb-infobox-icon-above-title uagb-infobox-image-valign-top\"><div class=\"uagb-ifb-content\"><div class=\"uagb-ifb-title-wrap\"><p class=\"uagb-ifb-title-prefix\">Our Story<\/p><h2 class=\"uagb-ifb-title\">About Our Company and Our People<\/h2><\/div><\/div><\/div>\n\n\n\n<div class=\"wp-block-uagb-container uagb-block-3da83d13 alignfull uagb-is-root-container\"><div class=\"uagb-container-inner-blocks-wrap\">\n<div class=\"wp-block-uagb-image alignleft uagb-block-da3e2f0a wp-block-uagb-image--layout-default wp-block-uagb-image--effect-static wp-block-uagb-image--align-left\"><figure class=\"wp-block-uagb-image__figure\"><img srcset=\"https:\/\/websitedemos.net\/wp-content\/uploads\/2023\/09\/about-06.jpg ,https:\/\/websitedemos.net\/wp-content\/uploads\/2023\/09\/about-06.jpg 780w, https:\/\/websitedemos.net\/wp-content\/uploads\/2023\/09\/about-06.jpg 360w\" sizes=\"(max-width: 480px) 150px\" src=\"https:\/\/websitedemos.net\/wp-content\/uploads\/2023\/09\/about-06.jpg\" alt=\"\" class=\"uag-image-77437\" width=\"564\" height=\"400\" title=\"\" loading=\"lazy\" role=\"img\"\/><\/figure><\/div>\n\n\n\n<div class=\"wp-block-uagb-container uagb-block-5c4c35d6\">\n<div class=\"wp-block-uagb-info-box uagb-block-2941ed48 uagb-infobox__content-wrap  uagb-infobox-icon-above-title uagb-infobox-image-valign-top\"><div class=\"uagb-ifb-content\"><div class=\"uagb-ifb-title-wrap\"><h3 class=\"uagb-ifb-title\">We are a leading company dedicated to empowering individuals to achieve their dreams through innovative solutions and exceptional services.<\/h3><\/div><p class=\"uagb-ifb-desc\">We believe that everyone has the potential to achieve greatness and fulfill their dreams. That\\'s why we are committed to providing innovative solutions and exceptional services that empower individuals to overcome obstacles and turn their aspirations into reality. With a strong focus on customer satisfaction and a team of experienced professionals, we strive to deliver unparalleled results and make a positive impact in the lives of our clients. Join us on this journey of empowerment, and let us help you make your dreams come true.<\/p><\/div><\/div>\n\n\n\n<div class=\"wp-block-uagb-buttons uagb-buttons__outer-wrap uagb-btn__default-btn uagb-btn-tablet__default-btn uagb-btn-mobile__default-btn uagb-block-c229f919\"><div class=\"uagb-buttons__wrap uagb-buttons-layout-wrap \">\n<div class=\"wp-block-uagb-buttons-child uagb-buttons__outer-wrap uagb-block-915db688 wp-block-button\"><div class=\"uagb-button__wrapper\"><a class=\"uagb-buttons-repeater wp-block-button__link\" aria-label=\"\" href=\"#\" rel=\"follow noopener\" target=\"_self\"><div class=\"uagb-button__link\">Get Started<\/div><span class=\"uagb-button__icon uagb-button__icon-position-after\"><svg xmlns=\"https:\/\/www.w3.org\/2000\/svg\" viewBox=\"0 0 320 512\" aria-hidden=\"true\" focussable=\"false\"><path d=\"M96 480c-8.188 0-16.38-3.125-22.62-9.375c-12.5-12.5-12.5-32.75 0-45.25L242.8 256L73.38 86.63c-12.5-12.5-12.5-32.75 0-45.25s32.75-12.5 45.25 0l192 192c12.5 12.5 12.5 32.75 0 45.25l-192 192C112.4 476.9 104.2 480 96 480z\"><\/path><\/svg><\/span><\/a><\/div><\/div>\n<\/div><\/div>\n<\/div>\n<\/div><\/div>\n<\/div><\/div>\n"},"id-76877":{"title":"Why Choose Us 01","url":"https:\/\/websitedemos.net\/astra-blocks\/why-choose-us-01\/","tag":[],"category":3380,"primary-category":"","type":"block","page-builder":"gutenberg","required-plugins":[],"stylesheet":"","content":"\n<div class=\"wp-block-uagb-container uagb-block-c3ac7371 alignfull uagb-is-root-container\"><div class=\"uagb-container-inner-blocks-wrap\">\n<div class=\"wp-block-uagb-info-box uagb-block-d11a4715 uagb-infobox__content-wrap  uagb-infobox-icon-above-title uagb-infobox-image-valign-top\"><div class=\"uagb-ifb-content\"><div class=\"uagb-ifb-title-wrap\"><p class=\"uagb-ifb-title-prefix\">Trusted Excellence<\/p><h2 class=\"uagb-ifb-title\">What Sets Us Apart from Competitors<\/h2><\/div><p class=\"uagb-ifb-desc\">We pride ourselves on delivering top-notch products\/services along with unmatched support. With years of experience in the industry, we have built a reputation for excellence and have become the go-to choice for customers who seek the best.<\/p><\/div><\/div>\n\n\n\n<div class=\"wp-block-uagb-container uagb-block-f17672f0\">\n<div class=\"wp-block-uagb-info-box uagb-block-f3898d09 uagb-infobox__content-wrap  uagb-infobox-icon-left-title uagb-infobox-left uagb-infobox-image-valign-top\"><div class=\"uagb-ifb-content\"><div class=\"uagb-ifb-left-title-image\"><div class=\"uagb-ifb-icon-wrap\"><svg xmlns=\"https:\/\/www.w3.org\/2000\/svg\" viewBox=\"0 0 448 512\"><path d=\"M438.6 105.4C451.1 117.9 451.1 138.1 438.6 150.6L182.6 406.6C170.1 419.1 149.9 419.1 137.4 406.6L9.372 278.6C-3.124 266.1-3.124 245.9 9.372 233.4C21.87 220.9 42.13 220.9 54.63 233.4L159.1 338.7L393.4 105.4C405.9 92.88 426.1 92.88 438.6 105.4H438.6z\"><\/path><\/svg><\/div><div class=\"uagb-ifb-title-wrap\"><h3 class=\"uagb-ifb-title\">Unrivaled Expertise<\/h3><\/div><\/div><p class=\"uagb-ifb-desc\">Our team of skilled professionals possess unmatched expertise in their respective fields, ensuring that you receive the highest level of service.<\/p><div class=\"uagb-ifb-separator\"><\/div><\/div><\/div>\n\n\n\n<div class=\"wp-block-uagb-info-box uagb-block-34ddf343 uagb-infobox__content-wrap  uagb-infobox-icon-left-title uagb-infobox-left uagb-infobox-image-valign-top\"><div class=\"uagb-ifb-content\"><div class=\"uagb-ifb-left-title-image\"><div class=\"uagb-ifb-icon-wrap\"><svg xmlns=\"https:\/\/www.w3.org\/2000\/svg\" viewBox=\"0 0 448 512\"><path d=\"M438.6 105.4C451.1 117.9 451.1 138.1 438.6 150.6L182.6 406.6C170.1 419.1 149.9 419.1 137.4 406.6L9.372 278.6C-3.124 266.1-3.124 245.9 9.372 233.4C21.87 220.9 42.13 220.9 54.63 233.4L159.1 338.7L393.4 105.4C405.9 92.88 426.1 92.88 438.6 105.4H438.6z\"><\/path><\/svg><\/div><div class=\"uagb-ifb-title-wrap\"><h3 class=\"uagb-ifb-title\">Personalized Solutions<\/h3><\/div><\/div><p class=\"uagb-ifb-desc\">We understand that every customer is unique, and we tailor our solutions to meet your specific needs, offering customized options that perfectly align with your goals.<\/p><div class=\"uagb-ifb-separator\"><\/div><\/div><\/div>\n\n\n\n<div class=\"wp-block-uagb-info-box uagb-block-d69ebedc uagb-infobox__content-wrap  uagb-infobox-icon-left-title uagb-infobox-left uagb-infobox-image-valign-top\"><div class=\"uagb-ifb-content\"><div class=\"uagb-ifb-left-title-image\"><div class=\"uagb-ifb-icon-wrap\"><svg xmlns=\"https:\/\/www.w3.org\/2000\/svg\" viewBox=\"0 0 448 512\"><path d=\"M438.6 105.4C451.1 117.9 451.1 138.1 438.6 150.6L182.6 406.6C170.1 419.1 149.9 419.1 137.4 406.6L9.372 278.6C-3.124 266.1-3.124 245.9 9.372 233.4C21.87 220.9 42.13 220.9 54.63 233.4L159.1 338.7L393.4 105.4C405.9 92.88 426.1 92.88 438.6 105.4H438.6z\"><\/path><\/svg><\/div><div class=\"uagb-ifb-title-wrap\"><h3 class=\"uagb-ifb-title\">Timely Delivery<\/h3><\/div><\/div><p class=\"uagb-ifb-desc\">We value your time and guarantee prompt delivery of our products\/services, enabling you to stay on track and meet your deadlines.<\/p><div class=\"uagb-ifb-separator\"><\/div><\/div><\/div>\n<\/div>\n<\/div><\/div>\n"},"id-76934":{"title":"Why Choose Us 04","url":"https:\/\/websitedemos.net\/astra-blocks\/why-choose-us-04\/","tag":[],"category":3380,"primary-category":"","type":"block","page-builder":"gutenberg","required-plugins":[],"stylesheet":"","content":"\n<div class=\"wp-block-uagb-container uagb-block-5bba938d alignfull uagb-is-root-container\"><div class=\"uagb-container-inner-blocks-wrap\">\n<div class=\"wp-block-uagb-image alignleft uagb-block-d27fa5a0 wp-block-uagb-image--layout-default wp-block-uagb-image--effect-static wp-block-uagb-image--align-left\"><figure class=\"wp-block-uagb-image__figure\"><img srcset=\"https:\/\/websitedemos.net\/wp-content\/uploads\/2023\/10\/natures-02.jpg ,https:\/\/websitedemos.net\/wp-content\/uploads\/2023\/10\/natures-02.jpg 780w\" sizes=\"(max-width: 480px) 150px\" src=\"https:\/\/websitedemos.net\/wp-content\/uploads\/2023\/10\/natures-02.jpg\" alt=\"\" class=\"uag-image-80574\" width=\"564\" height=\"600\" title=\"\" loading=\"lazy\" role=\"img\"\/><\/figure><\/div>\n\n\n\n<div class=\"wp-block-uagb-container uagb-block-bce4857b\">\n<div class=\"wp-block-uagb-info-box uagb-block-899ea7dd uagb-infobox__content-wrap  uagb-infobox-icon-above-title uagb-infobox-image-valign-top wp-block-uagb-info-box--has-margin\"><div class=\"uagb-infobox-margin-wrapper\"><div class=\"uagb-ifb-content\"><div class=\"uagb-ifb-title-wrap\"><p class=\"uagb-ifb-title-prefix\">Trusted Excellence<\/p><h2 class=\"uagb-ifb-title\">What Sets Us Apart from Competitors<\/h2><\/div><\/div><\/div><\/div>\n\n\n\n<div class=\"wp-block-uagb-info-box uagb-block-9e5aca84 uagb-infobox__content-wrap  uagb-infobox-icon-left-title uagb-infobox-left uagb-infobox-image-valign-top\"><div class=\"uagb-ifb-content\"><div class=\"uagb-ifb-left-title-image\"><div class=\"uagb-ifb-icon-wrap\"><svg xmlns=\"https:\/\/www.w3.org\/2000\/svg\" viewBox=\"0 0 448 512\"><path d=\"M438.6 105.4C451.1 117.9 451.1 138.1 438.6 150.6L182.6 406.6C170.1 419.1 149.9 419.1 137.4 406.6L9.372 278.6C-3.124 266.1-3.124 245.9 9.372 233.4C21.87 220.9 42.13 220.9 54.63 233.4L159.1 338.7L393.4 105.4C405.9 92.88 426.1 92.88 438.6 105.4H438.6z\"><\/path><\/svg><\/div><div class=\"uagb-ifb-title-wrap\"><h3 class=\"uagb-ifb-title\">Unrivaled Expertise<\/h3><\/div><\/div><p class=\"uagb-ifb-desc\">Our team of skilled professionals possess unmatched expertise in their respective fields, ensuring that you receive the highest level of service.<\/p><div class=\"uagb-ifb-separator\"><\/div><\/div><\/div>\n\n\n\n<div class=\"wp-block-uagb-info-box uagb-block-230f3440 uagb-infobox__content-wrap  uagb-infobox-icon-left-title uagb-infobox-left uagb-infobox-image-valign-top\"><div class=\"uagb-ifb-content\"><div class=\"uagb-ifb-left-title-image\"><div class=\"uagb-ifb-icon-wrap\"><svg xmlns=\"https:\/\/www.w3.org\/2000\/svg\" viewBox=\"0 0 448 512\"><path d=\"M438.6 105.4C451.1 117.9 451.1 138.1 438.6 150.6L182.6 406.6C170.1 419.1 149.9 419.1 137.4 406.6L9.372 278.6C-3.124 266.1-3.124 245.9 9.372 233.4C21.87 220.9 42.13 220.9 54.63 233.4L159.1 338.7L393.4 105.4C405.9 92.88 426.1 92.88 438.6 105.4H438.6z\"><\/path><\/svg><\/div><div class=\"uagb-ifb-title-wrap\"><h3 class=\"uagb-ifb-title\">Personalized Solutions<\/h3><\/div><\/div><p class=\"uagb-ifb-desc\">We understand that every customer is unique, and we tailor our solutions to meet your specific needs, offering customized options that perfectly align with your goals.<\/p><div class=\"uagb-ifb-separator\"><\/div><\/div><\/div>\n\n\n\n<div class=\"wp-block-uagb-info-box uagb-block-413774a7 uagb-infobox__content-wrap  uagb-infobox-icon-left-title uagb-infobox-left uagb-infobox-image-valign-top\"><div class=\"uagb-ifb-content\"><div class=\"uagb-ifb-left-title-image\"><div class=\"uagb-ifb-icon-wrap\"><svg xmlns=\"https:\/\/www.w3.org\/2000\/svg\" viewBox=\"0 0 448 512\"><path d=\"M438.6 105.4C451.1 117.9 451.1 138.1 438.6 150.6L182.6 406.6C170.1 419.1 149.9 419.1 137.4 406.6L9.372 278.6C-3.124 266.1-3.124 245.9 9.372 233.4C21.87 220.9 42.13 220.9 54.63 233.4L159.1 338.7L393.4 105.4C405.9 92.88 426.1 92.88 438.6 105.4H438.6z\"><\/path><\/svg><\/div><div class=\"uagb-ifb-title-wrap\"><h3 class=\"uagb-ifb-title\">Timely Delivery<\/h3><\/div><\/div><p class=\"uagb-ifb-desc\">We value your time and guarantee prompt delivery of our products\/services, enabling you to stay on track and meet your deadlines.<\/p><div class=\"uagb-ifb-separator\"><\/div><\/div><\/div>\n<\/div>\n<\/div><\/div>\n"},"id-76891":{"title":"Why Choose Us 02","url":"https:\/\/websitedemos.net\/astra-blocks\/why-choose-us-02\/","tag":[],"category":3380,"primary-category":"","type":"block","page-builder":"gutenberg","required-plugins":[],"stylesheet":"","content":"\n<div class=\"wp-block-uagb-container uagb-block-4baf17b3 alignfull uagb-is-root-container\"><div class=\"uagb-container-inner-blocks-wrap\">\n<div class=\"wp-block-uagb-container uagb-block-d69a739e\">\n<div class=\"wp-block-uagb-info-box uagb-block-7ce58c82 uagb-infobox__content-wrap  uagb-infobox-icon-above-title uagb-infobox-image-valign-top\"><div class=\"uagb-ifb-content\"><div class=\"uagb-ifb-title-wrap\"><h2 class=\"uagb-ifb-title\">What Sets Us Apart from Competitors<\/h2><\/div><\/div><\/div>\n\n\n\n<div class=\"wp-block-uagb-info-box uagb-block-f8933991 uagb-infobox__content-wrap  uagb-infobox-icon-above-title uagb-infobox-image-valign-top\"><div class=\"uagb-ifb-content\"><div class=\"uagb-ifb-title-wrap\"><\/div><p class=\"uagb-ifb-desc\">Our commitment to quality and exceptional customer service sets us apart from the competition.<\/p><\/div><\/div>\n<\/div>\n\n\n\n<div class=\"wp-block-uagb-container uagb-block-cbfd60bb\">\n<div class=\"wp-block-uagb-container uagb-block-a881d84d\">\n<div class=\"wp-block-uagb-info-box uagb-block-46b3a99e uagb-infobox__content-wrap  uagb-infobox-icon-above-title uagb-infobox-image-valign-top\"><div class=\"uagb-ifb-content\"><div class=\"uagb-ifb-title-wrap\"><p class=\"uagb-ifb-title-prefix\">01<\/p><h3 class=\"uagb-ifb-title\">Unrivaled Expertise<\/h3><\/div><p class=\"uagb-ifb-desc\">Our team of skilled professionals possess unmatched expertise in their respective fields, ensuring that you receive the highest level of service.<\/p><\/div><\/div>\n<\/div>\n\n\n\n<div class=\"wp-block-uagb-container uagb-block-2c3150fc\">\n<div class=\"wp-block-uagb-info-box uagb-block-6cdeacd1 uagb-infobox__content-wrap  uagb-infobox-icon-above-title uagb-infobox-image-valign-top\"><div class=\"uagb-ifb-content\"><div class=\"uagb-ifb-title-wrap\"><p class=\"uagb-ifb-title-prefix\">02<\/p><h3 class=\"uagb-ifb-title\">Personalized Solutions<\/h3><\/div><p class=\"uagb-ifb-desc\">We understand that every customer is unique, and we tailor our solutions to meet your specific needs, offering customized options that perfectly align with your goals.<\/p><\/div><\/div>\n<\/div>\n\n\n\n<div class=\"wp-block-uagb-container uagb-block-163a07fc\">\n<div class=\"wp-block-uagb-info-box uagb-block-df2163b3 uagb-infobox__content-wrap  uagb-infobox-icon-above-title uagb-infobox-image-valign-top\"><div class=\"uagb-ifb-content\"><div class=\"uagb-ifb-title-wrap\"><p class=\"uagb-ifb-title-prefix\">03<\/p><h3 class=\"uagb-ifb-title\">Timely Delivery<\/h3><\/div><p class=\"uagb-ifb-desc\">We value your time and guarantee prompt delivery of our products\/services, enabling you to stay on track and meet your deadlines.<\/p><\/div><\/div>\n<\/div>\n<\/div>\n<\/div><\/div>\n"},"id-77386":{"title":"About 15","url":"https:\/\/websitedemos.net\/astra-blocks\/about-15\/","tag":[],"category":825,"primary-category":"","type":"block","page-builder":"gutenberg","required-plugins":[],"stylesheet":"","content":"\n<div class=\"wp-block-uagb-container uagb-block-38e27262 alignfull uagb-is-root-container\"><div class=\"uagb-container-inner-blocks-wrap\">\n<div class=\"wp-block-uagb-container uagb-block-6a6786cd\">\n<div class=\"wp-block-uagb-info-box uagb-block-e77ad5d3 uagb-infobox__content-wrap  uagb-infobox-icon-above-title uagb-infobox-image-valign-top wp-block-uagb-info-box--has-margin\"><div class=\"uagb-infobox-margin-wrapper\"><div class=\"uagb-ifb-content\"><div class=\"uagb-ifb-title-wrap\"><h2 class=\"uagb-ifb-title\">Discover Our Journey So Far<\/h2><\/div><p class=\"uagb-ifb-desc\">We believe that everyone has the potential to achieve greatness and fulfill their dreams. That\\'s why we are committed to providing innovative solutions and exceptional services that empower individuals to overcome obstacles and turn their aspirations into reality. With a strong focus on customer satisfaction and a team of experienced professionals, we strive to deliver unparalleled results and make a positive impact in the lives of our clients. Join us on this journey of empowerment, and let us help you make your dreams come true.<\/p><\/div><\/div><\/div>\n\n\n\n<div class=\"wp-block-uagb-image alignleft uagb-block-b0b08a93 wp-block-uagb-image--layout-default wp-block-uagb-image--effect-static wp-block-uagb-image--align-left\"><figure class=\"wp-block-uagb-image__figure\"><img srcset=\"https:\/\/websitedemos.net\/wp-content\/uploads\/2023\/09\/about-03-1.jpg ,https:\/\/websitedemos.net\/wp-content\/uploads\/2023\/09\/about-03-1.jpg 780w, https:\/\/websitedemos.net\/wp-content\/uploads\/2023\/09\/about-03-1.jpg 360w\" sizes=\"(max-width: 480px) 150px\" src=\"https:\/\/websitedemos.net\/wp-content\/uploads\/2023\/09\/about-03-1.jpg\" alt=\"\" class=\"uag-image-77399\" width=\"564\" height=\"376\" title=\"\" loading=\"lazy\" role=\"img\"\/><\/figure><\/div>\n\n\n\n<div class=\"wp-block-uagb-info-box uagb-block-670dc1aa uagb-infobox__content-wrap  uagb-infobox-icon-above-title uagb-infobox-image-valign-top wp-block-uagb-info-box--has-margin\"><div class=\"uagb-infobox-margin-wrapper\"><div class=\"uagb-ifb-content\"><div class=\"uagb-ifb-title-wrap\"><h3 class=\"uagb-ifb-title\">Innovation-driven Solutions<\/h3><\/div><p class=\"uagb-ifb-desc\">Our innovative solutions are designed to address the unique needs of our clients and drive success.<\/p><\/div><\/div><\/div>\n<\/div>\n\n\n\n<div class=\"wp-block-uagb-container uagb-block-7462da50\">\n<div class=\"wp-block-uagb-image alignleft uagb-block-d696e318 wp-block-uagb-image--layout-default wp-block-uagb-image--effect-static wp-block-uagb-image--align-left\"><figure class=\"wp-block-uagb-image__figure\"><img srcset=\"https:\/\/websitedemos.net\/wp-content\/uploads\/2023\/09\/about-04.jpg ,https:\/\/websitedemos.net\/wp-content\/uploads\/2023\/09\/about-04.jpg 780w, https:\/\/websitedemos.net\/wp-content\/uploads\/2023\/09\/about-04.jpg 360w\" sizes=\"(max-width: 480px) 150px\" src=\"https:\/\/websitedemos.net\/wp-content\/uploads\/2023\/09\/about-04.jpg\" alt=\"\" class=\"uag-image-77404\" width=\"564\" height=\"376\" title=\"\" loading=\"lazy\" role=\"img\"\/><\/figure><\/div>\n\n\n\n<div class=\"wp-block-uagb-info-box uagb-block-ed8a81d2 uagb-infobox__content-wrap  uagb-infobox-icon-above-title uagb-infobox-image-valign-top wp-block-uagb-info-box--has-margin\"><div class=\"uagb-infobox-margin-wrapper\"><div class=\"uagb-ifb-content\"><div class=\"uagb-ifb-title-wrap\"><h3 class=\"uagb-ifb-title\">Personalized Approach<\/h3><\/div><p class=\"uagb-ifb-desc\">We take a personalized approach to ensure that every individual receives tailored support and guidance.<\/p><\/div><\/div><\/div>\n\n\n\n<div class=\"wp-block-uagb-image alignleft uagb-block-5a092e11 wp-block-uagb-image--layout-default wp-block-uagb-image--effect-static wp-block-uagb-image--align-left\"><figure class=\"wp-block-uagb-image__figure\"><img srcset=\"https:\/\/websitedemos.net\/wp-content\/uploads\/2023\/09\/about-05.jpg ,https:\/\/websitedemos.net\/wp-content\/uploads\/2023\/09\/about-05.jpg 780w, https:\/\/websitedemos.net\/wp-content\/uploads\/2023\/09\/about-05.jpg 360w\" sizes=\"(max-width: 480px) 150px\" src=\"https:\/\/websitedemos.net\/wp-content\/uploads\/2023\/09\/about-05.jpg\" alt=\"\" class=\"uag-image-77405\" width=\"564\" height=\"376\" title=\"\" loading=\"lazy\" role=\"img\"\/><\/figure><\/div>\n\n\n\n<div class=\"wp-block-uagb-info-box uagb-block-43462155 uagb-infobox__content-wrap  uagb-infobox-icon-above-title uagb-infobox-image-valign-top wp-block-uagb-info-box--has-margin\"><div class=\"uagb-infobox-margin-wrapper\"><div class=\"uagb-ifb-content\"><div class=\"uagb-ifb-title-wrap\"><h3 class=\"uagb-ifb-title\">Superior Customer Service<\/h3><\/div><p class=\"uagb-ifb-desc\">Our team is dedicated to providing superior customer service and ensuring complete satisfaction.<\/p><\/div><\/div><\/div>\n<\/div>\n<\/div><\/div>\n"},"id-77341":{"title":"About 08","url":"https:\/\/websitedemos.net\/astra-blocks\/about-08\/","tag":[],"category":825,"primary-category":"","type":"block","page-builder":"gutenberg","required-plugins":[],"stylesheet":"","content":"\n<div class=\"wp-block-uagb-container uagb-block-49989c20 alignfull uagb-is-root-container\"><div class=\"uagb-container-inner-blocks-wrap\">\n<div class=\"wp-block-uagb-container uagb-block-fbf63515\">\n<div class=\"wp-block-uagb-info-box uagb-block-b7eda7f0 uagb-infobox__content-wrap  uagb-infobox-icon-above-title uagb-infobox-image-valign-top\"><div class=\"uagb-ifb-content\"><div class=\"uagb-ifb-title-wrap\"><h2 class=\"uagb-ifb-title\">Discover Our Journey So Far<\/h2><\/div><p class=\"uagb-ifb-desc\">We are a leading company dedicated to empowering individuals to achieve their dreams through innovative solutions and exceptional services.<\/p><\/div><\/div>\n\n\n\n<div class=\"wp-block-uagb-buttons uagb-buttons__outer-wrap uagb-btn__default-btn uagb-btn-tablet__default-btn uagb-btn-mobile__default-btn uagb-block-dc86b535\"><div class=\"uagb-buttons__wrap uagb-buttons-layout-wrap \">\n<div class=\"wp-block-uagb-buttons-child uagb-buttons__outer-wrap uagb-block-f3f04c7e wp-block-button\"><div class=\"uagb-button__wrapper\"><a class=\"uagb-buttons-repeater wp-block-button__link\" aria-label=\"\" href=\"#\" rel=\"follow noopener\" target=\"_self\"><div class=\"uagb-button__link\">Get Started<\/div><\/a><\/div><\/div>\n<\/div><\/div>\n<\/div>\n<\/div><\/div>\n"},"id-77309":{"title":"About 07","url":"https:\/\/websitedemos.net\/astra-blocks\/about-07\/","tag":[],"category":825,"primary-category":"","type":"block","page-builder":"gutenberg","required-plugins":[],"stylesheet":"","content":"\n<div class=\"wp-block-uagb-container uagb-block-8a9790d7 alignfull uagb-is-root-container\"><div class=\"uagb-container-inner-blocks-wrap\">\n<div class=\"wp-block-uagb-container uagb-block-fbf63515\">\n<div class=\"wp-block-uagb-info-box uagb-block-b7eda7f0 uagb-infobox__content-wrap  uagb-infobox-icon-above-title uagb-infobox-image-valign-top\"><div class=\"uagb-ifb-content\"><div class=\"uagb-ifb-title-wrap\"><h2 class=\"uagb-ifb-title\">Discover Our Journey So Far<\/h2><\/div><p class=\"uagb-ifb-desc\">We are a leading company dedicated to empowering individuals to achieve their dreams through innovative solutions and exceptional services.<\/p><\/div><\/div>\n\n\n\n<div class=\"wp-block-uagb-buttons uagb-buttons__outer-wrap uagb-btn__default-btn uagb-btn-tablet__default-btn uagb-btn-mobile__default-btn uagb-block-dc86b535\"><div class=\"uagb-buttons__wrap uagb-buttons-layout-wrap \">\n<div class=\"wp-block-uagb-buttons-child uagb-buttons__outer-wrap uagb-block-f3f04c7e wp-block-button\"><div class=\"uagb-button__wrapper\"><a class=\"uagb-buttons-repeater wp-block-button__link\" aria-label=\"\" href=\"#\" rel=\"follow noopener\" target=\"_self\"><div class=\"uagb-button__link\">Get Started<\/div><\/a><\/div><\/div>\n<\/div><\/div>\n<\/div>\n<\/div><\/div>\n"},"id-77288":{"title":"Page Header 10","url":"https:\/\/websitedemos.net\/astra-blocks\/page-header-10\/","tag":[],"category":3382,"primary-category":"","type":"block","page-builder":"gutenberg","required-plugins":[],"stylesheet":"","content":"\n<div class=\"wp-block-uagb-container uagb-block-d8119d10 alignfull uagb-is-root-container\"><div class=\"uagb-container-inner-blocks-wrap\">\n<div class=\"wp-block-uagb-info-box uagb-block-f2c03af1 uagb-infobox__content-wrap  uagb-infobox-icon-above-title uagb-infobox-image-valign-top\"><div class=\"uagb-ifb-content\"><div class=\"uagb-ifb-title-wrap\"><h1 class=\"uagb-ifb-title\">Page Title<\/h1><\/div><\/div><\/div>\n\n\n\n<div class=\"wp-block-uagb-info-box uagb-block-a28fc82d uagb-infobox__content-wrap  uagb-infobox-icon-above-title uagb-infobox-image-valign-top\"><div class=\"uagb-ifb-content\"><div class=\"uagb-ifb-title-wrap\"><\/div><p class=\"uagb-ifb-desc\">In this page header section, you can provide details about the purpose of the page. This helps users quickly understand what to expect from the page content.<\/p><\/div><\/div>\n<\/div><\/div>\n"},"id-77285":{"title":"Page Header 09","url":"https:\/\/websitedemos.net\/astra-blocks\/page-header-09\/","tag":[],"category":3382,"primary-category":"","type":"block","page-builder":"gutenberg","required-plugins":[],"stylesheet":"","content":"\n<div class=\"wp-block-uagb-container uagb-block-3fd7bfbf alignfull uagb-is-root-container\"><div class=\"uagb-container-inner-blocks-wrap\">\n<div class=\"wp-block-uagb-info-box uagb-block-e4d616d7 uagb-infobox__content-wrap  uagb-infobox-icon-above-title uagb-infobox-image-valign-top\"><div class=\"uagb-ifb-content\"><div class=\"uagb-ifb-title-wrap\"><h1 class=\"uagb-ifb-title\">Page Title<\/h1><\/div><p class=\"uagb-ifb-desc\">In this page header section, you can provide details about the purpose of the page. This helps users quickly understand what to expect from the page content.<\/p><\/div><\/div>\n<\/div><\/div>\n"},"id-77281":{"title":"Page Header 08","url":"https:\/\/websitedemos.net\/astra-blocks\/page-header-08\/","tag":[],"category":3382,"primary-category":"","type":"block","page-builder":"gutenberg","required-plugins":[],"stylesheet":"","content":"\n<div class=\"wp-block-uagb-container uagb-block-4463c339 alignfull uagb-is-root-container\"><div class=\"uagb-container-inner-blocks-wrap\">\n<div class=\"wp-block-uagb-info-box uagb-block-3b41ce34 uagb-infobox__content-wrap  uagb-infobox-icon-above-title uagb-infobox-image-valign-top\"><div class=\"uagb-ifb-content\"><div class=\"uagb-ifb-title-wrap\"><h1 class=\"uagb-ifb-title\">Page Title<\/h1><\/div><\/div><\/div>\n<\/div><\/div>\n"},"id-77272":{"title":"About 05","url":"https:\/\/websitedemos.net\/astra-blocks\/about-05\/","tag":[],"category":825,"primary-category":"","type":"block","page-builder":"gutenberg","required-plugins":[],"stylesheet":"","content":"\n<div class=\"wp-block-uagb-container uagb-block-537d0776 alignfull uagb-is-root-container\"><div class=\"uagb-container-inner-blocks-wrap\">\n<div class=\"wp-block-uagb-info-box uagb-block-c1674b85 uagb-infobox__content-wrap  uagb-infobox-icon-above-title uagb-infobox-image-valign-top\"><div class=\"uagb-ifb-content\"><div class=\"uagb-ifb-title-wrap\"><h2 class=\"uagb-ifb-title\">Discover Our Journey So Far<\/h2><\/div><\/div><\/div>\n\n\n\n<div class=\"wp-block-uagb-container uagb-block-05434cc7\">\n<div class=\"wp-block-uagb-info-box uagb-block-3e0060df uagb-infobox__content-wrap  uagb-infobox-icon-above-title uagb-infobox-image-valign-top\"><div class=\"uagb-ifb-content\"><div class=\"uagb-ifb-title-wrap\"><\/div><p class=\"uagb-ifb-desc\">Our company is built on the foundation of empowering individuals and helping them unlock their full potential. We understand that each person is unique and has their own dreams and aspirations. That\\'s why we offer personalized solutions and support tailored to each individual\\'s needs and goals. Our dedicated team of experts is always ready to go the extra mile to ensure the success and satisfaction of our clients.<\/p><\/div><\/div>\n\n\n\n<div class=\"wp-block-uagb-info-box uagb-block-050dcafd uagb-infobox__content-wrap  uagb-infobox-icon-above-title uagb-infobox-image-valign-top\"><div class=\"uagb-ifb-content\"><div class=\"uagb-ifb-title-wrap\"><\/div><p class=\"uagb-ifb-desc\">With years of experience in the industry, our company has established a strong reputation for excellence and reliability. We have a proven track record of delivering outstanding results and have helped countless individuals achieve their dreams. Our commitment to continuous learning and innovation ensures that we stay ahead of the curve and provide the best solutions for our clients. Choose our company and let us be your partner in success.<\/p><\/div><\/div>\n\n\n\n<div class=\"wp-block-uagb-icon-list uagb-block-d848f8ca\"><div class=\"uagb-icon-list__wrap\">\n<div class=\"wp-block-uagb-icon-list-child uagb-block-c844f814\"><span class=\"uagb-icon-list__source-wrap\"><svg xmlns=\"https:\/\/www.w3.org\/2000\/svg\" viewBox=\"0 0 448 512\"><path d=\"M438.6 105.4C451.1 117.9 451.1 138.1 438.6 150.6L182.6 406.6C170.1 419.1 149.9 419.1 137.4 406.6L9.372 278.6C-3.124 266.1-3.124 245.9 9.372 233.4C21.87 220.9 42.13 220.9 54.63 233.4L159.1 338.7L393.4 105.4C405.9 92.88 426.1 92.88 438.6 105.4H438.6z\"><\/path><\/svg><\/span><span class=\"uagb-icon-list__label\">Personalized Approach<\/span><\/div>\n\n\n\n<div class=\"wp-block-uagb-icon-list-child uagb-block-3cbda4c9\"><span class=\"uagb-icon-list__source-wrap\"><svg xmlns=\"https:\/\/www.w3.org\/2000\/svg\" viewBox=\"0 0 448 512\"><path d=\"M438.6 105.4C451.1 117.9 451.1 138.1 438.6 150.6L182.6 406.6C170.1 419.1 149.9 419.1 137.4 406.6L9.372 278.6C-3.124 266.1-3.124 245.9 9.372 233.4C21.87 220.9 42.13 220.9 54.63 233.4L159.1 338.7L393.4 105.4C405.9 92.88 426.1 92.88 438.6 105.4H438.6z\"><\/path><\/svg><\/span><span class=\"uagb-icon-list__label\">Innovative Solutions<\/span><\/div>\n\n\n\n<div class=\"wp-block-uagb-icon-list-child uagb-block-c6b14cec\"><span class=\"uagb-icon-list__source-wrap\"><svg xmlns=\"https:\/\/www.w3.org\/2000\/svg\" viewBox=\"0 0 448 512\"><path d=\"M438.6 105.4C451.1 117.9 451.1 138.1 438.6 150.6L182.6 406.6C170.1 419.1 149.9 419.1 137.4 406.6L9.372 278.6C-3.124 266.1-3.124 245.9 9.372 233.4C21.87 220.9 42.13 220.9 54.63 233.4L159.1 338.7L393.4 105.4C405.9 92.88 426.1 92.88 438.6 105.4H438.6z\"><\/path><\/svg><\/span><span class=\"uagb-icon-list__label\">Exceptional Service<\/span><\/div>\n\n\n\n<div class=\"wp-block-uagb-icon-list-child uagb-block-3d6f0b06\"><span class=\"uagb-icon-list__source-wrap\"><svg xmlns=\"https:\/\/www.w3.org\/2000\/svg\" viewBox=\"0 0 448 512\"><path d=\"M438.6 105.4C451.1 117.9 451.1 138.1 438.6 150.6L182.6 406.6C170.1 419.1 149.9 419.1 137.4 406.6L9.372 278.6C-3.124 266.1-3.124 245.9 9.372 233.4C21.87 220.9 42.13 220.9 54.63 233.4L159.1 338.7L393.4 105.4C405.9 92.88 426.1 92.88 438.6 105.4H438.6z\"><\/path><\/svg><\/span><span class=\"uagb-icon-list__label\">Proven Track Record<\/span><\/div>\n<\/div><\/div>\n<\/div>\n<\/div><\/div>\n"},"id-77277":{"title":"Page Header 07","url":"https:\/\/websitedemos.net\/astra-blocks\/page-header-07\/","tag":[],"category":3382,"primary-category":"","type":"block","page-builder":"gutenberg","required-plugins":[],"stylesheet":"","content":"\n<div class=\"wp-block-uagb-container uagb-block-b2ba9c63 alignfull uagb-is-root-container\"><div class=\"uagb-container-inner-blocks-wrap\">\n<div class=\"wp-block-uagb-info-box uagb-block-8de64a8c uagb-infobox__content-wrap  uagb-infobox-icon-above-title uagb-infobox-image-valign-top\"><div class=\"uagb-ifb-content\"><div class=\"uagb-ifb-title-wrap\"><p class=\"uagb-ifb-title-prefix\">Add Your Prefix Here<\/p><h1 class=\"uagb-ifb-title\">Page Title<\/h1><\/div><p class=\"uagb-ifb-desc\">In this page header section, you can provide details about the purpose of the page. This helps users quickly understand what to expect from the page content.<\/p><\/div><\/div>\n<\/div><\/div>\n"},"id-77273":{"title":"Page Header 06","url":"https:\/\/websitedemos.net\/astra-blocks\/page-header-06\/","tag":[],"category":3382,"primary-category":"","type":"block","page-builder":"gutenberg","required-plugins":[],"stylesheet":"","content":"\n<div class=\"wp-block-uagb-container uagb-block-ffada09a alignfull uagb-is-root-container\"><div class=\"uagb-container-inner-blocks-wrap\">\n<div class=\"wp-block-uagb-info-box uagb-block-91ce963b uagb-infobox__content-wrap  uagb-infobox-icon-above-title uagb-infobox-image-valign-top\"><div class=\"uagb-ifb-content\"><div class=\"uagb-ifb-title-wrap\"><p class=\"uagb-ifb-title-prefix\">Add Your Prefix Here<\/p><h1 class=\"uagb-ifb-title\">Page Title<\/h1><\/div><\/div><\/div>\n<\/div><\/div>\n"},"id-77237":{"title":"About 04","url":"https:\/\/websitedemos.net\/astra-blocks\/about-04\/","tag":[],"category":825,"primary-category":"","type":"block","page-builder":"gutenberg","required-plugins":[],"stylesheet":"","content":"\n<div class=\"wp-block-uagb-container uagb-block-209a5c86 alignfull uagb-is-root-container\"><div class=\"uagb-container-inner-blocks-wrap\">\n<div class=\"wp-block-uagb-info-box uagb-block-c8120386 uagb-infobox__content-wrap  uagb-infobox-icon-above-title uagb-infobox-image-valign-top\"><div class=\"uagb-ifb-content\"><div class=\"uagb-ifb-title-wrap\"><h2 class=\"uagb-ifb-title\">About Our Company and Our People<\/h2><\/div><\/div><\/div>\n\n\n\n<div class=\"wp-block-uagb-container uagb-block-c1b0e96f\">\n<div class=\"wp-block-uagb-info-box uagb-block-956a8e10 uagb-infobox__content-wrap  uagb-infobox-icon-above-title uagb-infobox-image-valign-top\"><div class=\"uagb-ifb-content\"><div class=\"uagb-ifb-title-wrap\"><p class=\"uagb-ifb-title\">Our company is built on the foundation of empowering individuals and helping them unlock their full potential. We understand that each person is unique and has their own dreams and aspirations. That\\'s why we offer personalized solutions and support tailored to each individual\\'s needs and goals. Our dedicated team of experts is always ready to go the extra mile to ensure the success and satisfaction of our clients.<\/p><\/div><p class=\"uagb-ifb-desc\">With years of experience in the industry, our company has established a strong reputation for excellence and reliability. We have a proven track record of delivering outstanding results and have helped countless individuals achieve their dreams. Our commitment to continuous learning and innovation ensures that we stay ahead of the curve and provide the best solutions for our clients. Choose our company and let us be your partner in success.<\/p><\/div><\/div>\n\n\n\n<div class=\"wp-block-uagb-container uagb-block-35d417ea\">\n<div class=\"wp-block-uagb-info-box uagb-block-066fee4c uagb-infobox__content-wrap  uagb-infobox-icon-left-title uagb-infobox-left uagb-infobox-image-valign-middle\"><div class=\"uagb-ifb-content\"><div class=\"uagb-ifb-left-title-image\"><div class=\"uagb-ifb-icon-wrap\"><svg xmlns=\"https:\/\/www.w3.org\/2000\/svg\" viewBox=\"0 0 448 512\"><path d=\"M438.6 105.4C451.1 117.9 451.1 138.1 438.6 150.6L182.6 406.6C170.1 419.1 149.9 419.1 137.4 406.6L9.372 278.6C-3.124 266.1-3.124 245.9 9.372 233.4C21.87 220.9 42.13 220.9 54.63 233.4L159.1 338.7L393.4 105.4C405.9 92.88 426.1 92.88 438.6 105.4H438.6z\"><\/path><\/svg><\/div><div class=\"uagb-ifb-title-wrap\"><p class=\"uagb-ifb-title\">Innovation-driven Solutions<\/p><\/div><\/div><p class=\"uagb-ifb-desc\">Our innovative solutions are designed to address the unique needs of our clients and drive success.<\/p><div class=\"uagb-ifb-separator\"><\/div><\/div><\/div>\n\n\n\n<div class=\"wp-block-uagb-info-box uagb-block-e163f58c uagb-infobox__content-wrap  uagb-infobox-icon-left-title uagb-infobox-left uagb-infobox-image-valign-middle\"><div class=\"uagb-ifb-content\"><div class=\"uagb-ifb-left-title-image\"><div class=\"uagb-ifb-icon-wrap\"><svg xmlns=\"https:\/\/www.w3.org\/2000\/svg\" viewBox=\"0 0 448 512\"><path d=\"M438.6 105.4C451.1 117.9 451.1 138.1 438.6 150.6L182.6 406.6C170.1 419.1 149.9 419.1 137.4 406.6L9.372 278.6C-3.124 266.1-3.124 245.9 9.372 233.4C21.87 220.9 42.13 220.9 54.63 233.4L159.1 338.7L393.4 105.4C405.9 92.88 426.1 92.88 438.6 105.4H438.6z\"><\/path><\/svg><\/div><div class=\"uagb-ifb-title-wrap\"><p class=\"uagb-ifb-title\">Personalized Approach<\/p><\/div><\/div><p class=\"uagb-ifb-desc\">We take a personalized approach to ensure that every individual receives tailored support and guidance.<\/p><div class=\"uagb-ifb-separator\"><\/div><\/div><\/div>\n\n\n\n<div class=\"wp-block-uagb-info-box uagb-block-daa83fe0 uagb-infobox__content-wrap  uagb-infobox-icon-left-title uagb-infobox-left uagb-infobox-image-valign-middle\"><div class=\"uagb-ifb-content\"><div class=\"uagb-ifb-left-title-image\"><div class=\"uagb-ifb-icon-wrap\"><svg xmlns=\"https:\/\/www.w3.org\/2000\/svg\" viewBox=\"0 0 448 512\"><path d=\"M438.6 105.4C451.1 117.9 451.1 138.1 438.6 150.6L182.6 406.6C170.1 419.1 149.9 419.1 137.4 406.6L9.372 278.6C-3.124 266.1-3.124 245.9 9.372 233.4C21.87 220.9 42.13 220.9 54.63 233.4L159.1 338.7L393.4 105.4C405.9 92.88 426.1 92.88 438.6 105.4H438.6z\"><\/path><\/svg><\/div><div class=\"uagb-ifb-title-wrap\"><p class=\"uagb-ifb-title\">Superior Customer Service<\/p><\/div><\/div><p class=\"uagb-ifb-desc\">Our team is dedicated to providing superior customer service and ensuring complete satisfaction.<\/p><div class=\"uagb-ifb-separator\"><\/div><\/div><\/div>\n<\/div>\n<\/div>\n<\/div><\/div>\n"},"id-77265":{"title":"Page Header 05","url":"https:\/\/websitedemos.net\/astra-blocks\/page-header-05\/","tag":[],"category":3382,"primary-category":"","type":"block","page-builder":"gutenberg","required-plugins":[],"stylesheet":"","content":"\n<div class=\"wp-block-uagb-container uagb-block-bbb55938 alignfull uagb-is-root-container\"><div class=\"uagb-container-inner-blocks-wrap\">\n<div class=\"wp-block-uagb-info-box uagb-block-1c522728 uagb-infobox__content-wrap  uagb-infobox-icon-above-title uagb-infobox-image-valign-top\"><div class=\"uagb-ifb-content\"><div class=\"uagb-ifb-title-wrap\"><h1 class=\"uagb-ifb-title\">Page Title<\/h1><\/div><\/div><\/div>\n\n\n\n<div class=\"wp-block-uagb-info-box uagb-block-9dc7f053 uagb-infobox__content-wrap  uagb-infobox-icon-above-title uagb-infobox-image-valign-top\"><div class=\"uagb-ifb-content\"><div class=\"uagb-ifb-title-wrap\"><\/div><p class=\"uagb-ifb-desc\">In this page header section, you can provide details about the purpose of the page. This helps users quickly understand what to expect from the page content.<\/p><\/div><\/div>\n<\/div><\/div>\n"},"id-77262":{"title":"Page Header 04","url":"https:\/\/websitedemos.net\/astra-blocks\/page-header-04\/","tag":[],"category":3382,"primary-category":"","type":"block","page-builder":"gutenberg","required-plugins":[],"stylesheet":"","content":"\n<div class=\"wp-block-uagb-container uagb-block-5657136f alignfull uagb-is-root-container\"><div class=\"uagb-container-inner-blocks-wrap\">\n<div class=\"wp-block-uagb-info-box uagb-block-48b77c69 uagb-infobox__content-wrap  uagb-infobox-icon-above-title uagb-infobox-image-valign-top\"><div class=\"uagb-ifb-content\"><div class=\"uagb-ifb-title-wrap\"><h1 class=\"uagb-ifb-title\">Page Title<\/h1><\/div><p class=\"uagb-ifb-desc\">In this page header section, you can provide details about the purpose of the page. This helps users quickly understand what to expect from the page content.<\/p><\/div><\/div>\n<\/div><\/div>\n"},"id-77253":{"title":"Page Header 03","url":"https:\/\/websitedemos.net\/astra-blocks\/page-header-03\/","tag":[],"category":3382,"primary-category":"","type":"block","page-builder":"gutenberg","required-plugins":[],"stylesheet":"","content":"\n<div class=\"wp-block-uagb-container uagb-block-623389a1 alignfull uagb-is-root-container\"><div class=\"uagb-container-inner-blocks-wrap\">\n<div class=\"wp-block-uagb-info-box uagb-block-1ac36b3d uagb-infobox__content-wrap  uagb-infobox-icon-above-title uagb-infobox-image-valign-top\"><div class=\"uagb-ifb-content\"><div class=\"uagb-ifb-title-wrap\"><h1 class=\"uagb-ifb-title\">Page Title<\/h1><\/div><\/div><\/div>\n<\/div><\/div>\n"},"id-77242":{"title":"Page Header 02","url":"https:\/\/websitedemos.net\/astra-blocks\/page-header-02\/","tag":[],"category":3382,"primary-category":"","type":"block","page-builder":"gutenberg","required-plugins":[],"stylesheet":"","content":"\n<div class=\"wp-block-uagb-container uagb-block-44ae2f11 alignfull uagb-is-root-container\"><div class=\"uagb-container-inner-blocks-wrap\">\n<div class=\"wp-block-uagb-info-box uagb-block-16042937 uagb-infobox__content-wrap  uagb-infobox-icon-above-title uagb-infobox-image-valign-top\"><div class=\"uagb-ifb-content\"><div class=\"uagb-ifb-title-wrap\"><p class=\"uagb-ifb-title-prefix\">Add Your Prefix Here<\/p><h1 class=\"uagb-ifb-title\">Page Title<\/h1><\/div><p class=\"uagb-ifb-desc\">In this page header section, you can provide details about the purpose of the page. This helps users quickly understand what to expect from the page content.<\/p><\/div><\/div>\n<\/div><\/div>\n"},"id-77230":{"title":"Page Header 01","url":"https:\/\/websitedemos.net\/astra-blocks\/page-header-01\/","tag":[],"category":3382,"primary-category":"","type":"block","page-builder":"gutenberg","required-plugins":[],"stylesheet":"","content":"\n<div class=\"wp-block-uagb-container uagb-block-53de9703 alignfull uagb-is-root-container\"><div class=\"uagb-container-inner-blocks-wrap\">\n<div class=\"wp-block-uagb-info-box uagb-block-a7840e7b uagb-infobox__content-wrap  uagb-infobox-icon-above-title uagb-infobox-image-valign-top\"><div class=\"uagb-ifb-content\"><div class=\"uagb-ifb-title-wrap\"><p class=\"uagb-ifb-title-prefix\">Add Your Prefix Here<\/p><h1 class=\"uagb-ifb-title\">Page Title<\/h1><\/div><\/div><\/div>\n<\/div><\/div>\n"},"id-77228":{"title":"About 03","url":"https:\/\/websitedemos.net\/astra-blocks\/about-03\/","tag":[],"category":825,"primary-category":"","type":"block","page-builder":"gutenberg","required-plugins":[],"stylesheet":"","content":"\n<div class=\"wp-block-uagb-container uagb-block-a8da75ca alignfull uagb-is-root-container\"><div class=\"uagb-container-inner-blocks-wrap\">\n<div class=\"wp-block-uagb-info-box uagb-block-50f73676 uagb-infobox__content-wrap  uagb-infobox-icon-above-title uagb-infobox-image-valign-top\"><div class=\"uagb-ifb-content\"><div class=\"uagb-ifb-title-wrap\"><h2 class=\"uagb-ifb-title\">About Our Company and Our People<\/h2><\/div><\/div><\/div>\n\n\n\n<div class=\"wp-block-uagb-container uagb-block-5cb09876\">\n<div class=\"wp-block-uagb-info-box uagb-block-639cdfa3 uagb-infobox__content-wrap  uagb-infobox-icon-above-title uagb-infobox-image-valign-top\"><div class=\"uagb-ifb-content\"><div class=\"uagb-ifb-title-wrap\"><\/div><p class=\"uagb-ifb-desc\">Our company is built on the foundation of empowering individuals and helping them unlock their full potential. We understand that each person is unique and has their own dreams and aspirations. That\\'s why we offer personalized solutions and support tailored to each individual\\'s needs and goals. Our dedicated team of experts is always ready to go the extra mile to ensure the success and satisfaction of our clients.<\/p><\/div><\/div>\n\n\n\n<div class=\"wp-block-uagb-info-box uagb-block-0e3992a1 uagb-infobox__content-wrap  uagb-infobox-icon-above-title uagb-infobox-image-valign-top\"><div class=\"uagb-ifb-content\"><div class=\"uagb-ifb-title-wrap\"><\/div><p class=\"uagb-ifb-desc\">With years of experience in the industry, our company has established a strong reputation for excellence and reliability. We have a proven track record of delivering outstanding results and have helped countless individuals achieve their dreams. Our commitment to continuous learning and innovation ensures that we stay ahead of the curve and provide the best solutions for our clients. Choose our company and let us be your partner in success.<\/p><\/div><\/div>\n<\/div>\n<\/div><\/div>\n"},"id-77220":{"title":"About 02","url":"https:\/\/websitedemos.net\/astra-blocks\/about-02\/","tag":[],"category":825,"primary-category":"","type":"block","page-builder":"gutenberg","required-plugins":[],"stylesheet":"","content":"\n<div class=\"wp-block-uagb-container uagb-block-06ab55d0 alignfull uagb-is-root-container\"><div class=\"uagb-container-inner-blocks-wrap\">\n<div class=\"wp-block-uagb-info-box uagb-block-1e4e097b uagb-infobox__content-wrap  uagb-infobox-icon-above-title uagb-infobox-image-valign-top wp-block-uagb-info-box--has-margin\"><div class=\"uagb-infobox-margin-wrapper\"><div class=\"uagb-ifb-content\"><div class=\"uagb-ifb-title-wrap\"><p class=\"uagb-ifb-title-prefix\">Our Story<\/p><h2 class=\"uagb-ifb-title\">About Our Company and Our People<\/h2><\/div><p class=\"uagb-ifb-desc\">We believe that everyone has the potential to achieve greatness and fulfill their dreams. That\\'s why we are committed to providing innovative solutions and exceptional services that empower individuals to overcome obstacles and turn their aspirations into reality. With a strong focus on customer satisfaction and a team of experienced professionals, we strive to deliver unparalleled results and make a positive impact in the lives of our clients. Join us on this journey of empowerment, and let us help you make your dreams come true.<\/p><\/div><\/div><\/div>\n<\/div><\/div>\n"},"id-77201":{"title":"About 01","url":"https:\/\/websitedemos.net\/astra-blocks\/about-01\/","tag":[],"category":825,"primary-category":"","type":"block","page-builder":"gutenberg","required-plugins":[],"stylesheet":"","content":"\n<div class=\"wp-block-uagb-container uagb-block-83c58f0a alignfull uagb-is-root-container\"><div class=\"uagb-container-inner-blocks-wrap\">\n<div class=\"wp-block-uagb-info-box uagb-block-b73374cd uagb-infobox__content-wrap  uagb-infobox-icon-above-title uagb-infobox-image-valign-top\"><div class=\"uagb-ifb-content\"><div class=\"uagb-ifb-title-wrap\"><h2 class=\"uagb-ifb-title\">Discover Our Journey So Far<\/h2><\/div><p class=\"uagb-ifb-desc\">We are a leading company dedicated to empowering individuals to achieve their dreams through innovative solutions and exceptional services.<\/p><\/div><\/div>\n\n\n\n<div class=\"wp-block-uagb-container uagb-block-5cb09876\">\n<div class=\"wp-block-uagb-info-box uagb-block-639cdfa3 uagb-infobox__content-wrap  uagb-infobox-icon-above-title uagb-infobox-image-valign-top\"><div class=\"uagb-ifb-content\"><div class=\"uagb-ifb-title-wrap\"><\/div><p class=\"uagb-ifb-desc\">Our company is built on the foundation of empowering individuals and helping them unlock their full potential. We understand that each person is unique and has their own dreams and aspirations. That\\'s why we offer personalized solutions and support tailored to each individual\\'s needs and goals. Our dedicated team of experts is always ready to go the extra mile to ensure the success and satisfaction of our clients.<\/p><\/div><\/div>\n\n\n\n<div class=\"wp-block-uagb-info-box uagb-block-0e3992a1 uagb-infobox__content-wrap  uagb-infobox-icon-above-title uagb-infobox-image-valign-top\"><div class=\"uagb-ifb-content\"><div class=\"uagb-ifb-title-wrap\"><\/div><p class=\"uagb-ifb-desc\">With years of experience in the industry, our company has established a strong reputation for excellence and reliability. We have a proven track record of delivering outstanding results and have helped countless individuals achieve their dreams. Our commitment to continuous learning and innovation ensures that we stay ahead of the curve and provide the best solutions for our clients. Choose our company and let us be your partner in success.<\/p><\/div><\/div>\n<\/div>\n<\/div><\/div>\n"},"id-75799":{"title":"Call To Action 10","url":"https:\/\/websitedemos.net\/astra-blocks\/call-to-action-10\/","tag":[],"category":832,"primary-category":"","type":"block","page-builder":"gutenberg","required-plugins":[],"stylesheet":"","content":"\n<div class=\"wp-block-uagb-container uagb-block-ec802e59 alignfull uagb-is-root-container\"><div class=\"uagb-container-inner-blocks-wrap\">\n<div class=\"wp-block-uagb-info-box uagb-block-2eea1fe1 uagb-infobox__content-wrap  uagb-infobox-icon-above-title uagb-infobox-image-valign-top\"><div class=\"uagb-ifb-content\"><div class=\"uagb-ifb-title-wrap\"><p class=\"uagb-ifb-title-prefix\">Take Action Now<\/p><h2 class=\"uagb-ifb-title\">Unlock your potential and transform your life today!<\/h2><\/div><\/div><\/div>\n\n\n\n<div class=\"wp-block-uagb-buttons uagb-buttons__outer-wrap uagb-btn__default-btn uagb-btn-tablet__default-btn uagb-btn-mobile__default-btn uagb-block-aba0ff05\"><div class=\"uagb-buttons__wrap uagb-buttons-layout-wrap \">\n<div class=\"wp-block-uagb-buttons-child uagb-buttons__outer-wrap uagb-block-cc41c321 wp-block-button\"><div class=\"uagb-button__wrapper\"><a class=\"uagb-buttons-repeater wp-block-button__link\" aria-label=\"\" href=\"#\" rel=\"follow noopener\" target=\"_self\"><div class=\"uagb-button__link\">Get Started<\/div><\/a><\/div><\/div>\n<\/div><\/div>\n<\/div><\/div>\n"},"id-75819":{"title":"Call To Action 11","url":"https:\/\/websitedemos.net\/astra-blocks\/call-to-action-11\/","tag":[],"category":832,"primary-category":"","type":"block","page-builder":"gutenberg","required-plugins":[],"stylesheet":"","content":"\n<div class=\"wp-block-uagb-container uagb-layout-grid uagb-block-b938272d alignfull uagb-is-root-container\"><div class=\"uagb-container-inner-blocks-wrap\">\n<div class=\"wp-block-uagb-info-box uagb-block-23e8bc08 uagb-infobox__content-wrap  uagb-infobox-icon-above-title uagb-infobox-image-valign-top wp-block-uagb-info-box--has-margin\"><div class=\"uagb-infobox-margin-wrapper\"><div class=\"uagb-ifb-content\"><div class=\"uagb-ifb-title-wrap\"><h2 class=\"uagb-ifb-title\">Unlock your potential and transform your life today!<\/h2><\/div><p class=\"uagb-ifb-desc\">Don\\'t wait any longer. Take action today and embark on an exciting journey to achieve your goals. Let us guide you through the process and help you unleash your true potential.<\/p><\/div><\/div><\/div>\n\n\n\n<div class=\"wp-block-uagb-buttons uagb-buttons__outer-wrap uagb-btn__default-btn uagb-btn-tablet__default-btn uagb-btn-mobile__default-btn uagb-block-8bd54e29\"><div class=\"uagb-buttons__wrap uagb-buttons-layout-wrap \">\n<div class=\"wp-block-uagb-buttons-child uagb-buttons__outer-wrap uagb-block-29b4e7ae wp-block-button\"><div class=\"uagb-button__wrapper\"><a class=\"uagb-buttons-repeater wp-block-button__link\" aria-label=\"\" href=\"#\" rel=\"follow noopener\" target=\"_self\"><div class=\"uagb-button__link\">Get Started<\/div><\/a><\/div><\/div>\n<\/div><\/div>\n<\/div><\/div>\n"},"id-75681":{"title":"Call To Action 05","url":"https:\/\/websitedemos.net\/astra-blocks\/call-to-action-05\/","tag":[],"category":832,"primary-category":"","type":"block","page-builder":"gutenberg","required-plugins":[],"stylesheet":"","content":"\n<div class=\"wp-block-uagb-container uagb-layout-grid uagb-block-93c02078 alignfull uagb-is-root-container\"><div class=\"uagb-container-inner-blocks-wrap\">\n<div class=\"wp-block-uagb-info-box uagb-block-ec9ed791 uagb-infobox__content-wrap  uagb-infobox-icon-above-title uagb-infobox-image-valign-top wp-block-uagb-info-box--has-margin\"><div class=\"uagb-infobox-margin-wrapper\"><div class=\"uagb-ifb-content\"><div class=\"uagb-ifb-title-wrap\"><h2 class=\"uagb-ifb-title\">Unlock your potential and transform your life today!<\/h2><\/div><p class=\"uagb-ifb-desc\">Don\\'t wait any longer. Take action today and embark on an exciting journey to achieve your goals. Let us guide you through the process and help you unleash your true potential.<\/p><\/div><\/div><\/div>\n\n\n\n<div class=\"wp-block-uagb-buttons uagb-buttons__outer-wrap uagb-btn__default-btn uagb-btn-tablet__default-btn uagb-btn-mobile__default-btn uagb-block-083e1685\"><div class=\"uagb-buttons__wrap uagb-buttons-layout-wrap \">\n<div class=\"wp-block-uagb-buttons-child uagb-buttons__outer-wrap uagb-block-a6b91cc9 wp-block-button\"><div class=\"uagb-button__wrapper\"><a class=\"uagb-buttons-repeater ast-outline-button\" aria-label=\"\" style=\"border-width:revert-layer\" href=\"#\" rel=\"follow noopener\" target=\"_self\"><div class=\"uagb-button__link\">Learn More<\/div><\/a><\/div><\/div>\n\n\n\n<div class=\"wp-block-uagb-buttons-child uagb-buttons__outer-wrap uagb-block-9761f4bb wp-block-button\"><div class=\"uagb-button__wrapper\"><a class=\"uagb-buttons-repeater wp-block-button__link\" aria-label=\"\" href=\"#\" rel=\"follow noopener\" target=\"_self\"><div class=\"uagb-button__link\">Get Started<\/div><\/a><\/div><\/div>\n<\/div><\/div>\n<\/div><\/div>\n"},"id-75846":{"title":"Call To Action 12","url":"https:\/\/websitedemos.net\/astra-blocks\/call-to-action-12\/","tag":[],"category":832,"primary-category":"","type":"block","page-builder":"gutenberg","required-plugins":[],"stylesheet":"","content":"\n<div class=\"wp-block-uagb-container uagb-block-0d4ac962 alignfull uagb-is-root-container\"><div class=\"uagb-container-inner-blocks-wrap\">\n<div class=\"wp-block-uagb-info-box uagb-block-76235a54 uagb-infobox__content-wrap  uagb-infobox-icon-above-title uagb-infobox-image-valign-top\"><div class=\"uagb-ifb-content\"><div class=\"uagb-ifb-title-wrap\"><h2 class=\"uagb-ifb-title\">Unlock your potential and transform your life today!<\/h2><\/div><\/div><\/div>\n\n\n\n<div class=\"wp-block-uagb-container uagb-block-d1c2d505\">\n<div class=\"wp-block-uagb-info-box uagb-block-96c814fd uagb-infobox__content-wrap  uagb-infobox-icon-above-title uagb-infobox-image-valign-top\"><div class=\"uagb-ifb-content\"><div class=\"uagb-ifb-title-wrap\"><\/div><p class=\"uagb-ifb-desc\">Don\\'t wait any longer. Take action today and embark on an exciting journey to achieve your goals. Let us guide you through the process and help you unleash your true potential.<\/p><\/div><\/div>\n\n\n\n<div class=\"wp-block-uagb-buttons uagb-buttons__outer-wrap uagb-btn__default-btn uagb-btn-tablet__default-btn uagb-btn-mobile__default-btn uagb-block-85b6ceec\"><div class=\"uagb-buttons__wrap uagb-buttons-layout-wrap \">\n<div class=\"wp-block-uagb-buttons-child uagb-buttons__outer-wrap uagb-block-24e9bac1 wp-block-button\"><div class=\"uagb-button__wrapper\"><a class=\"uagb-buttons-repeater wp-block-button__link\" aria-label=\"\" href=\"#\" rel=\"follow noopener\" target=\"_self\"><div class=\"uagb-button__link\">Get Started<\/div><\/a><\/div><\/div>\n<\/div><\/div>\n<\/div>\n<\/div><\/div>\n"},"id-75699":{"title":"Call To Action 06","url":"https:\/\/websitedemos.net\/astra-blocks\/call-to-action-06\/","tag":[],"category":832,"primary-category":"","type":"block","page-builder":"gutenberg","required-plugins":[],"stylesheet":"","content":"\n<div class=\"wp-block-uagb-container uagb-block-4537ccb9 alignfull uagb-is-root-container\"><div class=\"uagb-container-inner-blocks-wrap\">\n<div class=\"wp-block-uagb-info-box uagb-block-4cf76f80 uagb-infobox__content-wrap  uagb-infobox-icon-above-title uagb-infobox-image-valign-top wp-block-uagb-info-box--has-margin\"><div class=\"uagb-infobox-margin-wrapper\"><div class=\"uagb-ifb-content\"><div class=\"uagb-ifb-title-wrap\"><h2 class=\"uagb-ifb-title\">Unlock your potential and transform your life today!<\/h2><\/div><\/div><\/div><\/div>\n\n\n\n<div class=\"wp-block-uagb-container uagb-block-e56d6292\">\n<div class=\"wp-block-uagb-info-box uagb-block-b7d5e813 uagb-infobox__content-wrap  uagb-infobox-icon-above-title uagb-infobox-image-valign-top\"><div class=\"uagb-ifb-content\"><div class=\"uagb-ifb-title-wrap\"><\/div><p class=\"uagb-ifb-desc\">Don\\'t wait any longer. Take action today and embark on an exciting journey to achieve your goals. Let us guide you through the process and help you unleash your true potential.<\/p><\/div><\/div>\n\n\n\n<div class=\"wp-block-uagb-buttons uagb-buttons__outer-wrap uagb-btn__default-btn uagb-btn-tablet__default-btn uagb-btn-mobile__default-btn uagb-block-bda6ce64\"><div class=\"uagb-buttons__wrap uagb-buttons-layout-wrap \">\n<div class=\"wp-block-uagb-buttons-child uagb-buttons__outer-wrap uagb-block-138945ca wp-block-button\"><div class=\"uagb-button__wrapper\"><a class=\"uagb-buttons-repeater wp-block-button__link\" aria-label=\"\" href=\"#\" rel=\"follow noopener\" target=\"_self\"><div class=\"uagb-button__link\">Get Started<\/div><\/a><\/div><\/div>\n<\/div><\/div>\n<\/div>\n<\/div><\/div>\n"},"id-75732":{"title":"Call To Action 07","url":"https:\/\/websitedemos.net\/astra-blocks\/call-to-action-07\/","tag":[],"category":832,"primary-category":"","type":"block","page-builder":"gutenberg","required-plugins":[],"stylesheet":"","content":"\n<div class=\"wp-block-uagb-container uagb-block-24d0e460 alignfull uagb-is-root-container\"><div class=\"uagb-container-inner-blocks-wrap\">\n<div class=\"wp-block-uagb-container uagb-layout-grid uagb-block-98ce3f3d\">\n<div class=\"wp-block-uagb-info-box uagb-block-ba1d0d05 uagb-infobox__content-wrap  uagb-infobox-icon-above-title uagb-infobox-image-valign-top wp-block-uagb-info-box--has-margin\"><div class=\"uagb-infobox-margin-wrapper\"><div class=\"uagb-ifb-content\"><div class=\"uagb-ifb-title-wrap\"><h2 class=\"uagb-ifb-title\">Unlock your potential and transform your life today!<\/h2><\/div><p class=\"uagb-ifb-desc\">Don\\'t wait any longer. Take action today and embark on an exciting journey to achieve your goals. Let us guide you through the process and help you unleash your true potential.<\/p><\/div><\/div><\/div>\n\n\n\n<div class=\"wp-block-uagb-buttons uagb-buttons__outer-wrap uagb-btn__default-btn uagb-btn-tablet__default-btn uagb-btn-mobile__default-btn uagb-block-be9356f8\"><div class=\"uagb-buttons__wrap uagb-buttons-layout-wrap \">\n<div class=\"wp-block-uagb-buttons-child uagb-buttons__outer-wrap uagb-block-5e721b27 wp-block-button\"><div class=\"uagb-button__wrapper\"><a class=\"uagb-buttons-repeater ast-outline-button\" aria-label=\"\" style=\"border-width:revert-layer\" href=\"#\" rel=\"follow noopener\" target=\"_self\"><div class=\"uagb-button__link\">Learn More<\/div><\/a><\/div><\/div>\n\n\n\n<div class=\"wp-block-uagb-buttons-child uagb-buttons__outer-wrap uagb-block-6b68be36 wp-block-button\"><div class=\"uagb-button__wrapper\"><a class=\"uagb-buttons-repeater wp-block-button__link\" aria-label=\"\" href=\"#\" rel=\"follow noopener\" target=\"_self\"><div class=\"uagb-button__link\">Get Started<\/div><\/a><\/div><\/div>\n<\/div><\/div>\n<\/div>\n<\/div><\/div>\n"},"id-75640":{"title":"Call To Action 02","url":"https:\/\/websitedemos.net\/astra-blocks\/call-to-action-02\/","tag":[],"category":832,"primary-category":"","type":"block","page-builder":"gutenberg","required-plugins":[],"stylesheet":"","content":"\n<div class=\"wp-block-uagb-container uagb-block-a1b59ff9 alignfull uagb-is-root-container\"><div class=\"uagb-container-inner-blocks-wrap\">\n<div class=\"wp-block-uagb-image alignleft uagb-block-f31a962e wp-block-uagb-image--layout-default wp-block-uagb-image--effect-static wp-block-uagb-image--align-left\"><figure class=\"wp-block-uagb-image__figure\"><img srcset=\"https:\/\/websitedemos.net\/wp-content\/uploads\/2023\/10\/natures-02.jpg \" sizes=\"(max-width: 480px) 150px\" src=\"https:\/\/websitedemos.net\/wp-content\/uploads\/2023\/10\/natures-02.jpg\" alt=\"\" class=\"uag-image-80574\" width=\"580\" height=\"423\" title=\"\" loading=\"lazy\" role=\"img\"\/><\/figure><\/div>\n\n\n\n<div class=\"wp-block-uagb-container uagb-block-6fd3c90f\">\n<div class=\"wp-block-uagb-info-box uagb-block-7536bd47 uagb-infobox__content-wrap  uagb-infobox-icon-above-title uagb-infobox-image-valign-top\"><div class=\"uagb-ifb-content\"><div class=\"uagb-ifb-title-wrap\"><h2 class=\"uagb-ifb-title\">Unlock your potential and transform your life today!<\/h2><\/div><p class=\"uagb-ifb-desc\">Don\\'t wait any longer. Take action today and embark on an exciting journey to achieve your goals. Let us guide you through the process and help you unleash your true potential.<\/p><\/div><\/div>\n\n\n\n<div class=\"wp-block-uagb-buttons uagb-buttons__outer-wrap uagb-btn__default-btn uagb-btn-tablet__default-btn uagb-btn-mobile__default-btn uagb-block-1a4aefcc\"><div class=\"uagb-buttons__wrap uagb-buttons-layout-wrap \">\n<div class=\"wp-block-uagb-buttons-child uagb-buttons__outer-wrap uagb-block-03c09555 wp-block-button\"><div class=\"uagb-button__wrapper\"><a class=\"uagb-buttons-repeater wp-block-button__link\" aria-label=\"\" href=\"#\" rel=\"follow noopener\" target=\"_self\"><div class=\"uagb-button__link\">Get Started<\/div><\/a><\/div><\/div>\n<\/div><\/div>\n<\/div>\n<\/div><\/div>\n"},"id-75755":{"title":"Call To Action 08","url":"https:\/\/websitedemos.net\/astra-blocks\/call-to-action-08\/","tag":[],"category":832,"primary-category":"","type":"block","page-builder":"gutenberg","required-plugins":[],"stylesheet":"","content":"\n<div class=\"wp-block-uagb-container uagb-block-56981547 alignfull uagb-is-root-container\"><div class=\"uagb-container-inner-blocks-wrap\">\n<div class=\"wp-block-uagb-container uagb-block-7d6930ce alignfull uagb-is-root-container\"><div class=\"uagb-container-inner-blocks-wrap\">\n<div class=\"wp-block-uagb-info-box uagb-block-a514b11e uagb-infobox__content-wrap  uagb-infobox-icon-above-title uagb-infobox-image-valign-top\"><div class=\"uagb-ifb-content\"><div class=\"uagb-ifb-title-wrap\"><h2 class=\"uagb-ifb-title\">Unlock your potential and transform your life today!<\/h2><\/div><\/div><\/div>\n\n\n\n<div class=\"wp-block-uagb-container uagb-block-262338e7\">\n<div class=\"wp-block-uagb-info-box uagb-block-af3d836b uagb-infobox__content-wrap  uagb-infobox-icon-above-title uagb-infobox-image-valign-top\"><div class=\"uagb-ifb-content\"><div class=\"uagb-ifb-title-wrap\"><\/div><p class=\"uagb-ifb-desc\">Don\\'t wait any longer. Take action today and embark on an exciting journey to achieve your goals. Let us guide you through the process and help you unleash your true potential.<\/p><\/div><\/div>\n\n\n\n<div class=\"wp-block-uagb-buttons uagb-buttons__outer-wrap uagb-btn__default-btn uagb-btn-tablet__default-btn uagb-btn-mobile__default-btn uagb-block-c06bc32a\"><div class=\"uagb-buttons__wrap uagb-buttons-layout-wrap \">\n<div class=\"wp-block-uagb-buttons-child uagb-buttons__outer-wrap uagb-block-3ee99018 wp-block-button\"><div class=\"uagb-button__wrapper\"><a class=\"uagb-buttons-repeater wp-block-button__link\" aria-label=\"\" href=\"#\" rel=\"follow noopener\" target=\"_self\"><div class=\"uagb-button__link\">Get Started<\/div><\/a><\/div><\/div>\n<\/div><\/div>\n<\/div>\n<\/div><\/div>\n<\/div><\/div>\n"}}