{"blocks":[{"title":"AI-Powered Form Building Starts Here","content":"Use WPForms AI to instantly add choices to dropdowns, checkboxes, and multiple-choice selections. Just type a quick description and watch the choices appear, as if by magic.","img":{"url":"https:\/\/plugin.wpforms.com\/wp-content\/uploads\/2024\/09\/ai-choices-illustration-ns.png","type":"illustration","shadow":"no"},"featured":false,"new":true,"version":"1.9.1","type":["lite"],"buttons":{"main":{"url":"http:\/\/localhost\/wp-admin\/admin.php?page=wpforms-overview","text":"Try It Out"},"alt":{"url":"https:\/\/wpforms.com\/introducing-ai-choices-a-new-era-in-form-building-starts-today\/?utm_source=WordPress&utm_campaign=liteplugin&utm_medium=Whats New Splash&utm_content=AI Choices Learn More Lite","text":"Learn More"}},"layout":"fifty-fifty"},{"title":"AI-Powered Form Building Starts Here","content":"Use WPForms AI to instantly add choices to dropdowns, checkboxes, and multiple-choice selections. Just type a quick description and watch the choices appear, as if by magic.","img":{"url":"https:\/\/plugin.wpforms.com\/wp-content\/uploads\/2024\/09\/ai-choices-illustration-ns.png","type":"illustration","shadow":"no"},"featured":false,"new":true,"version":"1.9.1","type":["agency","basic","elite","plus","pro","ultimate"],"buttons":{"main":{"url":"http:\/\/localhost\/wp-admin\/admin.php?page=wpforms-overview","text":"Try It Out"},"alt":{"url":"https:\/\/wpforms.com\/introducing-ai-choices-a-new-era-in-form-building-starts-today\/?utm_source=WordPress&utm_campaign=plugin&utm_medium=Whats New Splash&utm_content=AI Choices Learn More BasicPlusProElite","text":"Learn More"}},"layout":"fifty-fifty"},{"title":"Revolutionize Forms with Repeatable Fields","content":"The repeater field lets visitors duplicate fields with a click. It's perfect for job applications, registrations, and so much more. Make your forms more flexible and collect all the information you need.","img":{"url":"https:\/\/plugin.wpforms.com\/wp-content\/uploads\/2024\/06\/repeater-field-hero.png","type":"hero"},"featured":false,"new":true,"version":"1.9.1","type":["lite"],"buttons":{"main":{"url":"https:\/\/wpforms.com\/wpforms-lite-upgrade\/?utm_source=WordPress&utm_campaign=liteplugin&utm_medium=Whats New Splash&utm_content=Repeater Field Upgrade to Pro Lite","text":"Upgrade to Pro"},"alt":{"url":"https:\/\/wpforms.com\/introducing-wpforms-1-8-9-the-repeater-field-is-here\/?utm_source=WordPress&utm_campaign=liteplugin&utm_medium=Whats New Splash&utm_content=Repeater Field Learn More Lite","text":"Learn More"}},"layout":"full-width"},{"title":"Revolutionize Forms with Repeatable Fields","content":"The repeater field lets visitors duplicate fields with a click. It's perfect for job applications, registrations, and so much more. Make your forms more flexible and collect all the information you need.","img":{"url":"https:\/\/plugin.wpforms.com\/wp-content\/uploads\/2024\/06\/repeater-field-hero.png","type":"hero"},"featured":false,"new":true,"version":"1.9.1","type":["agency","basic","elite","plus","pro","ultimate"],"buttons":{"main":{"url":"https:\/\/wpforms.com\/docs\/using-the-repeater-field\/?utm_source=WordPress&utm_campaign=plugin&utm_medium=Whats New Splash&utm_content=Repeater Field Get Started BasicPlusProElite","text":"Get Started"},"alt":{"url":"https:\/\/wpforms.com\/introducing-wpforms-1-8-9-the-repeater-field-is-here\/?utm_source=WordPress&utm_campaign=plugin&utm_medium=Whats New Splash&utm_content=Repeater Field Learn More BasicPlusProElite","text":"Learn More"}},"layout":"full-width"},{"title":"Display Order Summaries","content":"Give your customers peace of mind with a full breakdown of their order, including quantities and discounts. Display the summary before or after checkout to increase trust and conversions.","img":{"url":"https:\/\/plugin.wpforms.com\/wp-content\/uploads\/2024\/02\/order-summaries-illustration-ns.png","type":"illustration","shadow":"no"},"featured":false,"new":false,"version":"1.9.1","type":["agency","basic","elite","plus","pro","ultimate"],"buttons":{"main":{"url":"https:\/\/wpforms.com\/docs\/how-to-require-payment-total-with-a-wordpress-form\/?utm_source=WordPress&utm_campaign=plugin&utm_medium=Whats New Splash&utm_content=Order Summary Get Started BasicPlusProElite#enable-total-summary","text":"Get Started"},"alt":{"url":"https:\/\/wpforms.com\/introducing-wpforms-1-8-7-user-friendly-order-form-upgrades\/?utm_source=WordPress&utm_campaign=plugin&utm_medium=Whats New Splash&utm_content=Order Summary Learn More BasicPlusProElite","text":"Learn More"}},"layout":"fifty-fifty"},{"title":"Display Order Summaries","content":"Give your customers peace of mind with a full breakdown of their order, including quantities and discounts. Display the summary before or after checkout to increase trust and conversions.","img":{"url":"https:\/\/plugin.wpforms.com\/wp-content\/uploads\/2024\/02\/order-summaries-illustration-ns.png","type":"illustration","shadow":"no"},"featured":false,"new":false,"version":"1.9.1","type":["lite"],"buttons":{"main":{"url":"https:\/\/wpforms.com\/docs\/how-to-require-payment-total-with-a-wordpress-form\/?utm_source=WordPress&utm_campaign=liteplugin&utm_medium=Whats New Splash&utm_content=Order Summary Get Started Lite#enable-total-summary","text":"Get Started"},"alt":{"url":"https:\/\/wpforms.com\/introducing-wpforms-1-8-7-user-friendly-order-form-upgrades\/?utm_source=WordPress&utm_campaign=liteplugin&utm_medium=Whats New Splash&utm_content=Order Summary Learn More Lite","text":"Learn More"}},"layout":"fifty-fifty"}]}