{"default-copy-1":{"name":"Default (Copiar)","settings":{"fieldSize":"small","fieldBorderRadius":"3px","fieldBorderStyle":"solid","fieldBorderSize":"1px","fieldBackgroundColor":"#ffffff","fieldBorderColor":"rgba( 0, 0, 0, 0.25 )","fieldTextColor":"rgba( 0, 0, 0, 0.7 )","fieldMenuColor":"#ffffff","labelSize":"medium","labelColor":"rgba( 0, 0, 0, 0.85 )","labelSublabelColor":"var(--ast-global-color-1)","labelErrorColor":"#d63637","buttonSize":"medium","buttonBorderStyle":"none","buttonBorderSize":"1px","buttonBorderRadius":"3px","buttonBorderColor":"#066aab","buttonBackgroundColor":"#066aab","buttonTextColor":"#ffffff","pageBreakColor":"#066aab"}}}